Pick 1,Pick 2,Pick 3,Pick 4,Pick 5
Söderhamn Sectional,Luroy Slatted Bed Base,Flisat Children’s Table,Ivar Shelving Unit,
Sultan Lien Bed Frame,Tarva Bed Frame,Söderhamn Sectional,,
Lack Coffee Table,Söderhamn Sectional,Henriksdal Chair,Norraker Table,Hemnes Daybed
Granas Table and 4 Chairs,Frosta Stool,Hemnes Daybed,Billy Bookcase,Henriksdal Chair
Kungsbacka Kitchen Cabinets,Lack Coffee Table,Ektorp Sofa,,
Söderhamn Sectional,Poäng Armchair,Granas Table and 4 Chairs,Frosta Stool,Ektorp Sofa
Stefan Chair,Lack Coffee Table,Tarva Bed Frame,Alex Drawer Unit,
Söderhamn Sectional,Flisat Children’s Table,Alex Drawer Unit,Frosta Stool,
Flisat Children’s Table,Sultan Lien Bed Frame,Linnmon Desk,Brusali Wardrobe,
Malm Bed Frame,Mosslanda Picture Ledge,Linnmon Desk,,
